"","code","borough","ward_name","year","population","hectares","square_kilometres","population_per_hectare","population_per_square_kilometre"
"1","E05000026","Barking and Dagenham","Abbey",2022,17574,127.9,1.279,137.404222,13740.4222
"2","E05000027","Barking and Dagenham","Alibon",2022,11324,136.1,1.361,83.20352682,8320.352682
"3","E05000028","Barking and Dagenham","Becontree",2022,14751,128.4,1.284,114.8831776,11488.31776
"4","E05000029","Barking and Dagenham","Chadwell Heath",2022,11240,338,3.38,33.25443787,3325.443787
"5","E05000030","Barking and Dagenham","Eastbrook",2022,10964,345.4,3.454,31.74290677,3174.290677
"6","E05000031","Barking and Dagenham","Eastbury",2022,12263,144.5,1.445,84.8650519,8486.50519
"7","E05000032","Barking and Dagenham","Gascoigne",2022,17432,113.4,1.134,153.7213404,15372.13404
"8","E05000033","Barking and Dagenham","Goresbrook",2022,12496,128,1.28,97.625,9762.5
"9","E05000034","Barking and Dagenham","Heath",2022,11832,200.5,2.005,59.01246883,5901.246883
"10","E05000035","Barking and Dagenham","Longbridge",2022,12153,164,1.64,74.10365854,7410.365854
"11","E05000036","Barking and Dagenham","Mayesbrook",2022,11317,185.1,1.851,61.13992437,6113.992437
"12","E05000037","Barking and Dagenham","Parsloes",2022,10306,124.3,1.243,82.91230893,8291.230893
"13","E05000038","Barking and Dagenham","River",2022,14146,355.2,3.552,39.82545045,3982.545045
"14","E05000039","Barking and Dagenham","Thames",2022,21082,788.4,7.884,26.74023338,2674.023338
"15","E05000040","Barking and Dagenham","Valence",2022,11709,129.3,1.293,90.55684455,9055.684455
"16","E05000041","Barking and Dagenham","Village",2022,11043,214,2.14,51.60280374,5160.280374
"17","E05000042","Barking and Dagenham","Whalebone",2022,12771,155.4,1.554,82.18146718,8218.146718
"18","E05000043","Barnet","Brunswick Park",2022,16787,317.4,3.174,52.88909893,5288.909893
"19","E05000044","Barnet","Burnt Oak",2022,20202,206.4,2.064,97.87790698,9787.790698
"20","E05000045","Barnet","Childs Hill",2022,22858,308.9,3.089,73.99805762,7399.805762
"21","E05000046","Barnet","Colindale",2022,33098,264.2,2.642,125.2763058,12527.63058
"22","E05000047","Barnet","Coppetts",2022,17726,272,2.72,65.16911765,6516.911765
"23","E05000048","Barnet","East Barnet",2022,17771,375.2,3.752,47.36407249,4736.407249
"24","E05000049","Barnet","East Finchley",2022,17268,252.4,2.524,68.41521395,6841.521395
"25","E05000050","Barnet","Edgware",2022,21591,556,5.56,38.83273381,3883.273381
"26","E05000051","Barnet","Finchley Church End",2022,17095,270.9,2.709,63.10446659,6310.446659
"27","E05000052","Barnet","Garden Suburb",2022,16831,473.1,4.731,35.57598816,3557.598816
"28","E05000053","Barnet","Golders Green",2022,23985,297.8,2.978,80.5406313,8054.06313
"29","E05000054","Barnet","Hale",2022,18741,542.2,5.422,34.56473626,3456.473626
"30","E05000055","Barnet","Hendon",2022,20159,284,2.84,70.98239437,7098.239437
"31","E05000056","Barnet","High Barnet",2022,16064,830.9,8.309,19.3332531,1933.32531
"32","E05000057","Barnet","Mill Hill",2022,25613,938.7,9.387,27.28560776,2728.560776
"33","E05000058","Barnet","Oakleigh",2022,17029,331.7,3.317,51.33855894,5133.855894
"34","E05000059","Barnet","Totteridge",2022,17730,876.8,8.768,20.22125912,2022.125912
"35","E05000060","Barnet","Underhill",2022,16592,455.2,4.552,36.44991213,3644.991213
"36","E05000061","Barnet","West Finchley",2022,17794,216.1,2.161,82.34150856,8234.150856
"37","E05000062","Barnet","West Hendon",2022,21265,342.6,3.426,62.06946877,6206.946877
"38","E05000063","Barnet","Woodhouse",2022,18844,261.2,2.612,72.143951,7214.3951
"39","E05000064","Bexley","Barnehurst",2022,11441,287,2.87,39.8641115,3986.41115
"40","E05000065","Bexley","Belvedere",2022,13709,316.1,3.161,43.36918697,4336.918697
"41","E05000066","Bexley","Blackfen and Lamorbey",2022,10973,168.7,1.687,65.04445762,6504.445762
"42","E05000067","Bexley","Blendon and Penhill",2022,11000,209.8,2.098,52.43088656,5243.088656
"43","E05000068","Bexley","Brampton",2022,11228,197.3,1.973,56.90826153,5690.826153
"44","E05000069","Bexley","Christchurch",2022,12749,254.8,2.548,50.03532182,5003.532182
"45","E05000070","Bexley","Colyers",2022,10874,164.1,1.641,66.26447288,6626.447288
"46","E05000071","Bexley","Crayford",2022,14450,396.8,3.968,36.41633065,3641.633065
"47","E05000072","Bexley","Cray Meadows",2022,12437,718.4,7.184,17.31208241,1731.208241
"48","E05000073","Bexley","Danson Park",2022,11697,271.6,2.716,43.06701031,4306.701031
"49","E05000074","Bexley","East Wickham",2022,11773,216.9,2.169,54.27846934,5427.846934
"50","E05000075","Bexley","Erith",2022,15914,475.6,4.756,33.46089151,3346.089151
"51","E05000076","Bexley","Falconwood and Welling",2022,11360,166.5,1.665,68.22822823,6822.822823
"52","E05000077","Bexley","Lesnes Abbey",2022,13178,237,2.37,55.60337553,5560.337553
"53","E05000078","Bexley","Longlands",2022,11054,259.2,2.592,42.64660494,4264.660494
"54","E05000079","Bexley","North End",2022,14025,568.9,5.689,24.65283881,2465.283881
"55","E05000080","Bexley","Northumberland Heath",2022,10756,176.3,1.763,61.00964265,6100.964265
"56","E05000081","Bexley","St Mary's",2022,11981,442.9,4.429,27.0512531,2705.12531
"57","E05000082","Bexley","St Michael's",2022,11656,144.4,1.444,80.72022161,8072.022161
"58","E05000083","Bexley","Sidcup",2022,12411,270.2,2.702,45.93264249,4593.264249
"59","E05000084","Bexley","Thamesmead East",2022,13940,483.7,4.837,28.81951623,2881.951623
"60","E05000085","Brent","Alperton",2022,18922,205.8,2.058,91.9436346,9194.36346
"61","E05000086","Brent","Barnhill",2022,17047,297.5,2.975,57.30084034,5730.084034
"62","E05000087","Brent","Brondesbury Park",2022,13326,172.2,1.722,77.38675958,7738.675958
"63","E05000088","Brent","Dollis Hill",2022,14354,229.8,2.298,62.46301131,6246.301131
"64","E05000089","Brent","Dudden Hill",2022,17229,168.2,1.682,102.431629,10243.1629
"65","E05000090","Brent","Fryent",2022,14821,265.8,2.658,55.7599699,5575.99699
"66","E05000091","Brent","Harlesden",2022,16248,111.5,1.115,145.7219731,14572.19731
"67","E05000092","Brent","Kensal Green",2022,15123,112.1,1.121,134.9063336,13490.63336
"68","E05000093","Brent","Kenton",2022,12853,225,2.25,57.12444444,5712.444444
"69","E05000094","Brent","Kilburn",2022,18410,94.4,0.944,195.0211864,19502.11864
"70","E05000095","Brent","Mapesbury",2022,16074,139.4,1.394,115.3084648,11530.84648
"71","E05000096","Brent","Northwick Park",2022,12390,267.3,2.673,46.35241302,4635.241302
"72","E05000097","Brent","Preston",2022,16137,239.5,2.395,67.37787056,6737.787056
"73","E05000098","Brent","Queens Park",2022,15766,148.9,1.489,105.883143,10588.3143
"74","E05000099","Brent","Queensbury",2022,19660,205,2.05,95.90243902,9590.243902
"75","E05000100","Brent","Stonebridge",2022,20982,405.5,4.055,51.74352651,5174.352651
"76","E05000101","Brent","Sudbury",2022,16314,213,2.13,76.5915493,7659.15493
"77","E05000102","Brent","Tokyngton",2022,24137,276.4,2.764,87.32633864,8732.633864
"78","E05000103","Brent","Welsh Harp",2022,13994,231.2,2.312,60.52768166,6052.768166
"79","E05000104","Brent","Wembley Central",2022,18629,160.3,1.603,116.21335,11621.335
"80","E05000105","Brent","Willesden Green",2022,16365,154.7,1.547,105.7853911,10578.53911
"81","E05000106","Bromley","Bickley",2022,16867,486.9,4.869,34.64161019,3464.161019
"82","E05000107","Bromley","Biggin Hill",2022,10828,828.2,8.282,13.07413668,1307.413668
"83","E05000108","Bromley","Bromley Common and Keston",2022,17824,832.1,8.321,21.42050234,2142.050234
"84","E05000109","Bromley","Bromley Town",2022,21462,371.8,3.718,57.72458311,5772.458311
"85","E05000110","Bromley","Chelsfield and Pratts Bottom",2022,15600,1256.2,12.562,12.41840471,1241.840471
"86","E05000111","Bromley","Chislehurst",2022,17039,1044.9,10.449,16.30682362,1630.682362
"87","E05000112","Bromley","Clock House",2022,17191,226.6,2.266,75.86496028,7586.496028
"88","E05000113","Bromley","Copers Cope",2022,17219,328.6,3.286,52.40109556,5240.109556
"89","E05000114","Bromley","Cray Valley East",2022,16833,1328.8,13.288,12.66782059,1266.782059
"90","E05000115","Bromley","Cray Valley West",2022,17732,393.8,3.938,45.02793296,4502.793296
"91","E05000116","Bromley","Crystal Palace",2022,13976,229.3,2.293,60.95071958,6095.071958
"92","E05000117","Bromley","Darwin",2022,5558,2903.5,29.035,1.914241433,191.4241433
"93","E05000118","Bromley","Farnborough and Crofton",2022,15549,699.5,6.995,22.22873481,2222.873481
"94","E05000119","Bromley","Hayes and Coney Hall",2022,17164,1081.7,10.817,15.86761579,1586.761579
"95","E05000120","Bromley","Kelsey and Eden Park",2022,17681,520,5.2,34.00192308,3400.192308
"96","E05000121","Bromley","Mottingham and Chislehurst North",2022,10549,244.9,2.449,43.07472438,4307.472438
"97","E05000122","Bromley","Orpington",2022,16152,425.6,4.256,37.95112782,3795.112782
"98","E05000123","Bromley","Penge and Cator",2022,18608,295.7,2.957,62.9286439,6292.86439
"99","E05000124","Bromley","Petts Wood and Knoll",2022,15388,430.2,4.302,35.76940958,3576.940958
"100","E05000125","Bromley","Plaistow and Sundridge",2022,16949,399.3,3.993,42.44678187,4244.678187
"101","E05000126","Bromley","Shortlands",2022,10604,245.6,2.456,43.17589577,4317.589577
"102","E05000127","Bromley","West Wickham",2022,15775,441.3,4.413,35.7466576,3574.66576
"103","E05000128","Camden","Belsize",2022,14531,78,0.78,186.2948718,18629.48718
"104","E05000129","Camden","Bloomsbury",2022,12337,102.1,1.021,120.8325171,12083.25171
"105","E05000130","Camden","Camden Town with Primrose Hill",2022,15090,116.6,1.166,129.4168096,12941.68096
"106","E05000131","Camden","Cantelowes",2022,14355,75.8,0.758,189.3799472,18937.99472
"107","E05000132","Camden","Fortune Green",2022,13814,100.5,1.005,137.4527363,13745.27363
"108","E05000133","Camden","Frognal and Fitzjohns",2022,14085,153.3,1.533,91.87866928,9187.866928
"109","E05000134","Camden","Gospel Oak",2022,13041,69.1,0.691,188.7264834,18872.64834
"110","E05000135","Camden","Hampstead Town",2022,12451,245,2.45,50.82040816,5082.040816
"111","E05000136","Camden","Haverstock",2022,14229,73.2,0.732,194.3852459,19438.52459
"112","E05000137","Camden","Highgate",2022,12016,324.2,3.242,37.06354102,3706.354102
"113","E05000138","Camden","Holborn and Covent Garden",2022,15544,120.1,1.201,129.4254788,12942.54788
"114","E05000139","Camden","Kentish Town",2022,15993,102.8,1.028,155.57393,15557.393
"115","E05000140","Camden","Kilburn",2022,14205,68.6,0.686,207.0699708,20706.99708
"116","E05000141","Camden","King's Cross",2022,13335,61,0.61,218.6065574,21860.65574
"117","E05000142","Camden","Regent's Park",2022,15422,135,1.35,114.237037,11423.7037
"118","E05000143","Camden","St Pancras and Somers Town",2022,20658,140,1.4,147.5571429,14755.71429
"119","E05000144","Camden","Swiss Cottage",2022,15238,125.7,1.257,121.2251392,12122.51392
"120","E05000145","Camden","West Hampstead",2022,14739,88.7,0.887,166.1668546,16616.68546
"121","E05000146","Croydon","Addiscombe",2022,18701,159.5,1.595,117.2476489,11724.76489
"122","E05000147","Croydon","Ashburton",2022,14611,271.4,2.714,53.83566691,5383.566691
"123","E05000148","Croydon","Bensham Manor",2022,17534,144.6,1.446,121.2586445,12125.86445
"124","E05000149","Croydon","Broad Green",2022,23519,266.7,2.667,88.18522685,8818.522685
"125","E05000150","Croydon","Coulsdon East",2022,12583,774.3,7.743,16.25080718,1625.080718
"126","E05000151","Croydon","Coulsdon West",2022,16969,499.5,4.995,33.97197197,3397.197197
"127","E05000152","Croydon","Croham",2022,17382,352.3,3.523,49.33863185,4933.863185
"128","E05000153","Croydon","Fairfield",2022,30959,376.5,3.765,82.22841965,8222.841965
"129","E05000154","Croydon","Fieldway",2022,12046,148.5,1.485,81.11784512,8111.784512
"130","E05000155","Croydon","Heathfield",2022,13298,871,8.71,15.26750861,1526.750861
"131","E05000156","Croydon","Kenley",2022,15795,646,6.46,24.4504644,2445.04644
"132","E05000157","Croydon","New Addington",2022,11670,242.8,2.428,48.06425041,4806.425041
"133","E05000158","Croydon","Norbury",2022,18266,252,2.52,72.48412698,7248.412698
"134","E05000159","Croydon","Purley",2022,16650,417.3,4.173,39.89935298,3989.935298
"135","E05000160","Croydon","Sanderstead",2022,13050,634.6,6.346,20.56413489,2056.413489
"136","E05000161","Croydon","Selhurst",2022,19400,227.7,2.277,85.19982433,8519.982433
"137","E05000162","Croydon","Selsdon and Ballards",2022,12284,640.6,6.406,19.17577271,1917.577271
"138","E05000163","Croydon","Shirley",2022,14315,280,2.8,51.125,5112.5
"139","E05000164","Croydon","South Norwood",2022,17584,238.1,2.381,73.85132297,7385.132297
"140","E05000165","Croydon","Thornton Heath",2022,17578,168.1,1.681,104.5687091,10456.87091
"141","E05000166","Croydon","Upper Norwood",2022,16951,262,2.62,64.69847328,6469.847328
"142","E05000167","Croydon","Waddon",2022,18640,364.4,3.644,51.15257958,5115.257958
"143","E05000168","Croydon","West Thornton",2022,19495,197.4,1.974,98.75886525,9875.886525
"144","E05000169","Croydon","Woodside",2022,17118,216.7,2.167,78.99400092,7899.400092
"145","E05000170","Ealing","Acton Central",2022,16529,177.5,1.775,93.12112676,9312.112676
"146","E05000171","Ealing","Cleveland",2022,15774,223.2,2.232,70.67204301,7067.204301
"147","E05000172","Ealing","Dormers Wells",2022,14939,225.9,2.259,66.13103143,6613.103143
"148","E05000173","Ealing","Ealing Broadway",2022,16780,185.7,1.857,90.36079698,9036.079698
"149","E05000174","Ealing","Ealing Common",2022,14275,214,2.14,66.70560748,6670.560748
"150","E05000175","Ealing","East Acton",2022,26308,427.2,4.272,61.582397,6158.2397
"151","E05000176","Ealing","Elthorne",2022,17242,200,2,86.21,8621
"152","E05000177","Ealing","Greenford Broadway",2022,18728,252.2,2.522,74.25852498,7425.852498
"153","E05000178","Ealing","Greenford Green",2022,17905,338.1,3.381,52.95770482,5295.770482
"154","E05000179","Ealing","Hanger Hill",2022,16088,327.4,3.274,49.1386683,4913.86683
"155","E05000180","Ealing","Hobbayne",2022,14472,220.8,2.208,65.54347826,6554.347826
"156","E05000181","Ealing","Lady Margaret",2022,13894,153.9,1.539,90.27940221,9027.940221
"157","E05000182","Ealing","Northfield",2022,14022,153.5,1.535,91.3485342,9134.85342
"158","E05000183","Ealing","North Greenford",2022,15259,324.8,3.248,46.9796798,4697.96798
"159","E05000184","Ealing","Northolt Mandeville",2022,15710,275.2,2.752,57.08575581,5708.575581
"160","E05000185","Ealing","Northolt West End",2022,14548,354.8,3.548,41.00338219,4100.338219
"161","E05000186","Ealing","Norwood Green",2022,17402,379.4,3.794,45.86715867,4586.715867
"162","E05000187","Ealing","Perivale",2022,15917,336.5,3.365,47.30163447,4730.163447
"163","E05000188","Ealing","South Acton",2022,18939,171.9,1.719,110.1745201,11017.45201
"164","E05000189","Ealing","Southall Broadway",2022,17314,162.2,1.622,106.7447596,10674.47596
"165","E05000190","Ealing","Southall Green",2022,18242,158.5,1.585,115.0914826,11509.14826
"166","E05000191","Ealing","Southfield",2022,13915,143.5,1.435,96.96864111,9696.864111
"167","E05000192","Ealing","Walpole",2022,13715,146.6,1.466,93.55388813,9355.388813
"168","E05000193","Enfield","Bowes",2022,15237,148.5,1.485,102.6060606,10260.60606
"169","E05000194","Enfield","Bush Hill Park",2022,14971,252.6,2.526,59.26761679,5926.761679
"170","E05000195","Enfield","Chase",2022,14711,1694.4,16.944,8.682129367,868.2129367
"171","E05000196","Enfield","Cockfosters",2022,16550,1040.7,10.407,15.90275776,1590.275776
"172","E05000197","Enfield","Edmonton Green",2022,19306,312.9,3.129,61.70022371,6170.022371
"173","E05000198","Enfield","Enfield Highway",2022,16995,463.9,4.639,36.63505066,3663.505066
"174","E05000199","Enfield","Enfield Lock",2022,18472,325.1,3.251,56.81944017,5681.944017
"175","E05000200","Enfield","Grange",2022,14521,328.6,3.286,44.19050517,4419.050517
"176","E05000201","Enfield","Haselbury",2022,17620,179.7,1.797,98.0523094,9805.23094
"177","E05000202","Enfield","Highlands",2022,14969,508.8,5.088,29.4202044,2942.02044
"178","E05000203","Enfield","Jubilee",2022,14860,391.8,3.918,37.92751404,3792.751404
"179","E05000204","Enfield","Lower Edmonton",2022,17750,217.5,2.175,81.6091954,8160.91954
"180","E05000205","Enfield","Palmers Green",2022,16605,194.1,1.941,85.54868624,8554.868624
"181","E05000206","Enfield","Ponders End",2022,17929,354.5,3.545,50.57545839,5057.545839
"182","E05000207","Enfield","Southbury",2022,16284,286.4,2.864,56.8575419,5685.75419
"183","E05000208","Enfield","Southgate",2022,16343,269.1,2.691,60.73206986,6073.206986
"184","E05000209","Enfield","Southgate Green",2022,16380,261.7,2.617,62.59075277,6259.075277
"185","E05000210","Enfield","Town",2022,16169,223.3,2.233,72.40931482,7240.931482
"186","E05000211","Enfield","Turkey Street",2022,15596,225.7,2.257,69.10057599,6910.057599
"187","E05000212","Enfield","Upper Edmonton",2022,24077,265.1,2.651,90.8223312,9082.23312
"188","E05000213","Enfield","Winchmore Hill",2022,14647,275.7,2.757,53.12658687,5312.658687
"189","E05000214","Greenwich","Abbey Wood",2022,16084,265.3,2.653,60.62570675,6062.570675
"190","E05000215","Greenwich","Blackheath Westcombe",2022,13472,213.8,2.138,63.0121609,6301.21609
"191","E05000216","Greenwich","Charlton",2022,15254,203.4,2.034,74.99508358,7499.508358
"192","E05000217","Greenwich","Coldharbour and New Eltham",2022,13594,254.9,2.549,53.33071793,5333.071793
"193","E05000218","Greenwich","Eltham North",2022,12607,255,2.55,49.43921569,4943.921569
"194","E05000219","Greenwich","Eltham South",2022,12879,462.7,4.627,27.83444997,2783.444997
"195","E05000220","Greenwich","Eltham West",2022,16469,242.6,2.426,67.88540808,6788.540808
"196","E05000221","Greenwich","Glyndon",2022,19618,170.4,1.704,115.129108,11512.9108
"197","E05000222","Greenwich","Greenwich West",2022,21866,279.7,2.797,78.1766178,7817.66178
"198","E05000223","Greenwich","Kidbrooke with Hornfair",2022,14660,237.8,2.378,61.64844407,6164.844407
"199","E05000224","Greenwich","Middle Park and Sutcliffe",2022,13372,328.4,3.284,40.71863581,4071.863581
"200","E05000225","Greenwich","Peninsula",2022,26331,448.2,4.482,58.74832664,5874.832664
"201","E05000226","Greenwich","Plumstead",2022,17865,235.1,2.351,75.98894088,7598.894088
"202","E05000227","Greenwich","Shooters Hill",2022,13219,378,3.78,34.97089947,3497.089947
"203","E05000228","Greenwich","Thamesmead Moorings",2022,21646,481.1,4.811,44.99272501,4499.272501
"204","E05000229","Greenwich","Woolwich Common",2022,21885,262,2.62,83.53053435,8353.053435
"205","E05000230","Greenwich","Woolwich Riverside",2022,26218,319.5,3.195,82.05946792,8205.946792
"206","E05000231","Hackney","Brownswood",2022,15894,84.1,0.841,188.9892985,18898.92985
"207","E05000232","Hackney","Cazenove",2022,14866,68.4,0.684,217.3391813,21733.91813
"208","E05000233","Hackney","Chatham",2022,16153,90.9,0.909,177.7007701,17770.07701
"209","E05000234","Hackney","Clissold",2022,13352,70.2,0.702,190.1994302,19019.94302
"210","E05000235","Hackney","Dalston",2022,17274,92.7,0.927,186.3430421,18634.30421
"211","E05000236","Hackney","De Beauvoir",2022,17640,88.9,0.889,198.4251969,19842.51969
"212","E05000237","Hackney","Hackney Central",2022,14950,78,0.78,191.6666667,19166.66667
"213","E05000238","Hackney","Hackney Downs",2022,14456,101.8,1.018,142.0039293,14200.39293
"214","E05000239","Hackney","Haggerston",2022,19669,124.3,1.243,158.2381335,15823.81335
"215","E05000240","Hackney","Hoxton",2022,18742,83.9,0.839,223.3849821,22338.49821
"216","E05000241","Hackney","King's Park",2022,12477,181.4,1.814,68.78169791,6878.169791
"217","E05000242","Hackney","Leabridge",2022,15832,106.4,1.064,148.7969925,14879.69925
"218","E05000243","Hackney","Lordship",2022,14056,119.1,1.191,118.0184719,11801.84719
"219","E05000244","Hackney","New River",2022,18256,98.3,0.983,185.7171923,18571.71923
"220","E05000245","Hackney","Queensbridge",2022,15001,108,1.08,138.8981481,13889.81481
"221","E05000246","Hackney","Springfield",2022,14128,95.2,0.952,148.4033613,14840.33613
"222","E05000247","Hackney","Stoke Newington Central",2022,13464,71.2,0.712,189.1011236,18910.11236
"223","E05000248","Hackney","Victoria",2022,14325,80.4,0.804,178.1716418,17817.16418
"224","E05000249","Hackney","Wick",2022,13775,163.2,1.632,84.40563725,8440.563725
"225","E05000250","Hammersmith and Fulham","Addison",2022,11721,55.3,0.553,211.9529837,21195.29837
"226","E05000251","Hammersmith and Fulham","Askew",2022,14869,75.9,0.759,195.9025033,19590.25033
"227","E05000252","Hammersmith and Fulham","Avonmore and Brook Green",2022,11991,89.5,0.895,133.9776536,13397.76536
"228","E05000253","Hammersmith and Fulham","College Park and Old Oak",2022,13452,344,3.44,39.10465116,3910.465116
"229","E05000254","Hammersmith and Fulham","Fulham Broadway",2022,12506,66.7,0.667,187.4962519,18749.62519
"230","E05000255","Hammersmith and Fulham","Fulham Reach",2022,12433,88.2,0.882,140.9637188,14096.37188
"231","E05000256","Hammersmith and Fulham","Hammersmith Broadway",2022,15722,110.4,1.104,142.4094203,14240.94203
"232","E05000257","Hammersmith and Fulham","Munster",2022,11137,62.3,0.623,178.7640449,17876.40449
"233","E05000258","Hammersmith and Fulham","North End",2022,12340,63.8,0.638,193.4169279,19341.69279
"234","E05000259","Hammersmith and Fulham","Palace Riverside",2022,7452,148.1,1.481,50.31735314,5031.735314
"235","E05000260","Hammersmith and Fulham","Parsons Green and Walham",2022,11362,89.8,0.898,126.5256125,12652.56125
"236","E05000261","Hammersmith and Fulham","Ravenscourt Park",2022,10905,122,1.22,89.3852459,8938.52459
"237","E05000262","Hammersmith and Fulham","Sands End",2022,15320,137.7,1.377,111.2563544,11125.63544
"238","E05000263","Hammersmith and Fulham","Shepherd's Bush Green",2022,15346,106.7,1.067,143.8238051,14382.38051
"239","E05000264","Hammersmith and Fulham","Town",2022,11261,65,0.65,173.2461538,17324.61538
"240","E05000265","Hammersmith and Fulham","Wormholt and White City",2022,13588,90.4,0.904,150.3097345,15030.97345
"241","E05000266","Haringey","Alexandra",2022,12677,261.3,2.613,48.51511672,4851.511672
"242","E05000267","Haringey","Bounds Green",2022,15047,138.4,1.384,108.7210983,10872.10983
"243","E05000268","Haringey","Bruce Grove",2022,15452,93.1,0.931,165.972073,16597.2073
"244","E05000269","Haringey","Crouch End",2022,13737,144,1.44,95.39583333,9539.583333
"245","E05000270","Haringey","Fortis Green",2022,13941,199.4,1.994,69.91474423,6991.474423
"246","E05000271","Haringey","Harringay",2022,15158,156.2,1.562,97.04225352,9704.225352
"247","E05000272","Haringey","Highgate",2022,13049,249.9,2.499,52.21688675,5221.688675
"248","E05000273","Haringey","Hornsey",2022,13830,105.5,1.055,131.0900474,13109.00474
"249","E05000274","Haringey","Muswell Hill",2022,12647,165.2,1.652,76.55569007,7655.569007
"250","E05000275","Haringey","Noel Park",2022,18025,123,1.23,146.5447154,14654.47154
"251","E05000276","Haringey","Northumberland Park",2022,18722,188.3,1.883,99.42644716,9942.644716
"252","E05000277","Haringey","St Ann's",2022,16128,109.7,1.097,147.0191431,14701.91431
"253","E05000278","Haringey","Seven Sisters",2022,18693,129.2,1.292,144.6826625,14468.26625
"254","E05000279","Haringey","Stroud Green",2022,12615,109.5,1.095,115.2054795,11520.54795
"255","E05000280","Haringey","Tottenham Green",2022,18147,136.1,1.361,133.3357825,13333.57825
"256","E05000281","Haringey","Tottenham Hale",2022,21205,191.1,1.911,110.9628467,11096.28467
"257","E05000282","Haringey","West Green",2022,14718,139.8,1.398,105.27897,10527.897
"258","E05000283","Haringey","White Hart Lane",2022,13341,169.7,1.697,78.6152033,7861.52033
"259","E05000284","Haringey","Woodside",2022,16373,149.2,1.492,109.7386059,10973.86059
"260","E05000285","Harrow","Belmont",2022,11685,177.9,1.779,65.68296796,6568.296796
"261","E05000286","Harrow","Canons",2022,15535,563.1,5.631,27.5883502,2758.83502
"262","E05000287","Harrow","Edgware",2022,13872,140.1,1.401,99.01498929,9901.498929
"263","E05000288","Harrow","Greenhill",2022,18445,174.7,1.747,105.580996,10558.0996
"264","E05000289","Harrow","Harrow on the Hill",2022,13354,357.5,3.575,37.35384615,3735.384615
"265","E05000290","Harrow","Harrow Weald",2022,11968,458.9,4.589,26.07975594,2607.975594
"266","E05000291","Harrow","Hatch End",2022,11183,328.1,3.281,34.08412069,3408.412069
"267","E05000292","Harrow","Headstone North",2022,11630,329.5,3.295,35.29590288,3529.590288
"268","E05000293","Harrow","Headstone South",2022,12345,146.2,1.462,84.43912449,8443.912449
"269","E05000294","Harrow","Kenton East",2022,11119,128.1,1.281,86.79937549,8679.937549
"270","E05000295","Harrow","Kenton West",2022,11778,176.5,1.765,66.73087819,6673.087819
"271","E05000296","Harrow","Marlborough",2022,15142,164.6,1.646,91.9927096,9199.27096
"272","E05000297","Harrow","Pinner",2022,10488,327,3.27,32.0733945,3207.33945
"273","E05000298","Harrow","Pinner South",2022,11144,235.3,2.353,47.36081598,4736.081598
"274","E05000299","Harrow","Queensbury",2022,12527,161.3,1.613,77.66274024,7766.274024
"275","E05000300","Harrow","Rayners Lane",2022,11690,153,1.53,76.40522876,7640.522876
"276","E05000301","Harrow","Roxbourne",2022,13316,150.6,1.506,88.41965471,8841.965471
"277","E05000302","Harrow","Roxeth",2022,11752,157.6,1.576,74.56852792,7456.852792
"278","E05000303","Harrow","Stanmore Park",2022,12405,445.6,4.456,27.83886894,2783.886894
"279","E05000304","Harrow","Wealdstone",2022,13005,119.3,1.193,109.0108969,10901.08969
"280","E05000305","Harrow","West Harrow",2022,11067,152.1,1.521,72.76134122,7276.134122
"281","E05000306","Havering","Brooklands",2022,20545,420.1,4.201,48.90502261,4890.502261
"282","E05000307","Havering","Cranham",2022,13377,655.6,6.556,20.40420988,2040.420988
"283","E05000308","Havering","Elm Park",2022,14013,366.7,3.667,38.21379875,3821.379875
"284","E05000309","Havering","Emerson Park",2022,12494,463.9,4.639,26.93252856,2693.252856
"285","E05000310","Havering","Gooshays",2022,16715,776.1,7.761,21.53717304,2153.717304
"286","E05000311","Havering","Hacton",2022,13239,246.1,2.461,53.7952052,5379.52052
"287","E05000312","Havering","Harold Wood",2022,15588,759.6,7.596,20.52132701,2052.132701
"288","E05000313","Havering","Havering Park",2022,13758,978.8,9.788,14.05598692,1405.598692
"289","E05000314","Havering","Heaton",2022,14371,341.5,3.415,42.08199122,4208.199122
"290","E05000315","Havering","Hylands",2022,13719,290.2,2.902,47.27429359,4727.429359
"291","E05000316","Havering","Mawneys",2022,13791,304.9,3.049,45.23122335,4523.122335
"292","E05000317","Havering","Pettits",2022,13909,395.3,3.953,35.18593473,3518.593473
"293","E05000318","Havering","Rainham and Wennington",2022,13387,1690,16.9,7.921301775,792.1301775
"294","E05000319","Havering","Romford Town",2022,20726,286.6,2.866,72.31681786,7231.681786
"295","E05000320","Havering","St Andrew's",2022,14462,268.7,2.687,53.82210644,5382.210644
"296","E05000321","Havering","South Hornchurch",2022,18679,684.7,6.847,27.28056083,2728.056083
"297","E05000322","Havering","Squirrel's Heath",2022,14689,264.6,2.646,55.51398337,5551.398337
"298","E05000323","Havering","Upminster",2022,13904,2253.4,22.534,6.17023165,617.023165
"299","E05000324","Hillingdon","Barnhill",2022,13989,211.9,2.119,66.01698915,6601.698915
"300","E05000325","Hillingdon","Botwell",2022,25476,437.2,4.372,58.27081427,5827.081427
"301","E05000326","Hillingdon","Brunel",2022,14266,327.7,3.277,43.53371987,4353.371987
"302","E05000327","Hillingdon","Cavendish",2022,12790,201.3,2.013,63.53700944,6353.700944
"303","E05000328","Hillingdon","Charville",2022,12961,297.3,2.973,43.59569458,4359.569458
"304","E05000329","Hillingdon","Eastcote and East Ruislip",2022,14861,405.8,4.058,36.62148842,3662.148842
"305","E05000330","Hillingdon","Harefield",2022,7822,1522.4,15.224,5.137940095,513.7940095
"306","E05000331","Hillingdon","Heathrow Villages",2022,13787,2352.5,23.525,5.860573858,586.0573858
"307","E05000332","Hillingdon","Hillingdon East",2022,13978,359.4,3.594,38.89259878,3889.259878
"308","E05000333","Hillingdon","Ickenham",2022,11180,620.7,6.207,18.01192202,1801.192202
"309","E05000334","Hillingdon","Manor",2022,12516,197.4,1.974,63.40425532,6340.425532
"310","E05000335","Hillingdon","Northwood",2022,11536,740.6,7.406,15.57655955,1557.655955
"311","E05000336","Hillingdon","Northwood Hills",2022,12659,332.8,3.328,38.03786058,3803.786058
"312","E05000337","Hillingdon","Pinkwell",2022,16274,274.4,2.744,59.30758017,5930.758017
"313","E05000338","Hillingdon","South Ruislip",2022,13849,741.1,7.411,18.68708676,1868.708676
"314","E05000339","Hillingdon","Townfield",2022,17924,349.8,3.498,51.24070898,5124.070898
"315","E05000340","Hillingdon","Uxbridge North",2022,18051,463.3,4.633,38.96179581,3896.179581
"316","E05000341","Hillingdon","Uxbridge South",2022,16075,311.7,3.117,51.57202438,5157.202438
"317","E05000342","Hillingdon","West Drayton",2022,19074,349,3.49,54.65329513,5465.329513
"318","E05000343","Hillingdon","West Ruislip",2022,12463,439,4.39,28.38952164,2838.952164
"319","E05000344","Hillingdon","Yeading",2022,14976,233.2,2.332,64.21955403,6421.955403
"320","E05000345","Hillingdon","Yiewsley",2022,15986,401.3,4.013,39.83553451,3983.553451
"321","E05000346","Hounslow","Bedfont",2022,13523,444.7,4.447,30.40926467,3040.926467
"322","E05000347","Hounslow","Brentford",2022,19474,318.7,3.187,61.10448698,6110.448698
"323","E05000348","Hounslow","Chiswick Homefields",2022,12018,225.6,2.256,53.2712766,5327.12766
"324","E05000349","Hounslow","Chiswick Riverside",2022,11867,208.1,2.081,57.02546852,5702.546852
"325","E05000350","Hounslow","Cranford",2022,13358,272.3,2.723,49.05618803,4905.618803
"326","E05000351","Hounslow","Feltham North",2022,12994,338.4,3.384,38.39834515,3839.834515
"327","E05000352","Hounslow","Feltham West",2022,16214,318.2,3.182,50.95537398,5095.537398
"328","E05000353","Hounslow","Hanworth",2022,12174,325.1,3.251,37.4469394,3744.69394
"329","E05000354","Hounslow","Hanworth Park",2022,12730,364.1,3.641,34.96292227,3496.292227
"330","E05000355","Hounslow","Heston Central",2022,13622,168.5,1.685,80.84272997,8084.272997
"331","E05000356","Hounslow","Heston East",2022,14415,200.4,2.004,71.93113772,7193.113772
"332","E05000357","Hounslow","Heston West",2022,13143,383,3.83,34.31592689,3431.592689
"333","E05000358","Hounslow","Hounslow Central",2022,21737,173.6,1.736,125.2131336,12521.31336
"334","E05000359","Hounslow","Hounslow Heath",2022,16387,278.7,2.787,58.79799067,5879.799067
"335","E05000360","Hounslow","Hounslow South",2022,12342,179.3,1.793,68.83435583,6883.435583
"336","E05000361","Hounslow","Hounslow West",2022,15765,162.1,1.621,97.254781,9725.4781
"337","E05000362","Hounslow","Isleworth",2022,12936,203.1,2.031,63.69276219,6369.276219
"338","E05000363","Hounslow","Osterley and Spring Grove",2022,14303,633.7,6.337,22.57061701,2257.061701
"339","E05000364","Hounslow","Syon",2022,17990,285.2,2.852,63.07854137,6307.854137
"340","E05000365","Hounslow","Turnham Green",2022,12366,176.6,1.766,70.02265006,7002.265006
"341","E05000366","Islington","Barnsbury",2022,14155,83,0.83,170.5421687,17054.21687
"342","E05000367","Islington","Bunhill",2022,19971,108.9,1.089,183.3884298,18338.84298
"343","E05000368","Islington","Caledonian",2022,16869,113.8,1.138,148.2337434,14823.37434
"344","E05000369","Islington","Canonbury",2022,13521,80.7,0.807,167.5464684,16754.64684
"345","E05000370","Islington","Clerkenwell",2022,13313,93.5,0.935,142.3850267,14238.50267
"346","E05000371","Islington","Finsbury Park",2022,17263,91.6,0.916,188.4606987,18846.06987
"347","E05000372","Islington","Highbury East",2022,14060,100.4,1.004,140.0398406,14003.98406
"348","E05000373","Islington","Highbury West",2022,19003,108.2,1.082,175.6284658,17562.84658
"349","E05000374","Islington","Hillrise",2022,13484,82.5,0.825,163.4424242,16344.24242
"350","E05000375","Islington","Holloway",2022,17223,100.9,1.009,170.6937562,17069.37562
"351","E05000376","Islington","Junction",2022,13496,102.8,1.028,131.2840467,13128.40467
"352","E05000377","Islington","Mildmay",2022,14714,82.6,0.826,178.1355932,17813.55932
"353","E05000378","Islington","St George's",2022,14509,84.6,0.846,171.501182,17150.1182
"354","E05000379","Islington","St Mary's",2022,13724,86.9,0.869,157.9286536,15792.86536
"355","E05000380","Islington","St Peter's",2022,15808,81,0.81,195.1604938,19516.04938
"356","E05000381","Islington","Tollington",2022,14725,84.7,0.847,173.8488784,17384.88784
"357","E05000382","Kensington and Chelsea","Abingdon",2022,11795,62.9,0.629,187.5198728,18751.98728
"358","E05000383","Kensington and Chelsea","Brompton",2022,9171,95.5,0.955,96.03141361,9603.141361
"359","E05000384","Kensington and Chelsea","Campden",2022,8575,91.2,0.912,94.02412281,9402.412281
"360","E05000385","Kensington and Chelsea","Colville",2022,8161,39.1,0.391,208.7212276,20872.12276
"361","E05000386","Kensington and Chelsea","Courtfield",2022,8558,48.2,0.482,177.5518672,17755.18672
"362","E05000387","Kensington and Chelsea","Cremorne",2022,8267,61.2,0.612,135.0816993,13508.16993
"363","E05000388","Kensington and Chelsea","Earl's Court",2022,10617,45.9,0.459,231.3071895,23130.71895
"364","E05000389","Kensington and Chelsea","Golborne",2022,9683,94.9,0.949,102.0337197,10203.37197
"365","E05000390","Kensington and Chelsea","Hans Town",2022,8789,55.2,0.552,159.2210145,15922.10145
"366","E05000391","Kensington and Chelsea","Holland",2022,9884,103.9,1.039,95.12993263,9512.993263
"367","E05000392","Kensington and Chelsea","Norland",2022,8625,72.7,0.727,118.6382393,11863.82393
"368","E05000393","Kensington and Chelsea","Notting Barns",2022,9341,62.3,0.623,149.9357945,14993.57945
"369","E05000394","Kensington and Chelsea","Pembridge",2022,7604,48.8,0.488,155.8196721,15581.96721
"370","E05000395","Kensington and Chelsea","Queen's Gate",2022,9791,60.5,0.605,161.8347107,16183.47107
"371","E05000396","Kensington and Chelsea","Redcliffe",2022,9365,69.4,0.694,134.9423631,13494.23631
"372","E05000397","Kensington and Chelsea","Royal Hospital",2022,7214,90.1,0.901,80.06659267,8006.659267
"373","E05000398","Kensington and Chelsea","St Charles",2022,8994,70.9,0.709,126.854725,12685.4725
"374","E05000399","Kensington and Chelsea","Stanley",2022,8012,66.3,0.663,120.8446456,12084.46456
"375","E05000400","Kingston upon Thames","Alexandra",2022,11224,267.7,2.677,41.92753082,4192.753082
"376","E05000401","Kingston upon Thames","Berrylands",2022,11145,145.2,1.452,76.75619835,7675.619835
"377","E05000402","Kingston upon Thames","Beverley",2022,11913,188,1.88,63.36702128,6336.702128
"378","E05000403","Kingston upon Thames","Canbury",2022,16499,124.1,1.241,132.9492345,13294.92345
"379","E05000404","Kingston upon Thames","Chessington North and Hook",2022,9410,192.9,1.929,48.7817522,4878.17522
"380","E05000405","Kingston upon Thames","Chessington South",2022,11162,755.2,7.552,14.78019068,1478.019068
"381","E05000406","Kingston upon Thames","Coombe Hill",2022,11277,441,4.41,25.57142857,2557.142857
"382","E05000407","Kingston upon Thames","Coombe Vale",2022,10660,164.7,1.647,64.72374013,6472.374013
"383","E05000408","Kingston upon Thames","Grove",2022,13882,192,1.92,72.30208333,7230.208333
"384","E05000409","Kingston upon Thames","Norbiton",2022,11937,134.8,1.348,88.55341246,8855.341246
"385","E05000410","Kingston upon Thames","Old Malden",2022,10740,180.5,1.805,59.50138504,5950.138504
"386","E05000411","Kingston upon Thames","St James",2022,9945,216.7,2.167,45.89293955,4589.293955
"387","E05000412","Kingston upon Thames","St Mark's",2022,12580,137.6,1.376,91.4244186,9142.44186
"388","E05000413","Kingston upon Thames","Surbiton Hill",2022,11736,166.4,1.664,70.52884615,7052.884615
"389","E05000414","Kingston upon Thames","Tolworth and Hook Rise",2022,12026,259.5,2.595,46.34296724,4634.296724
"390","E05000415","Kingston upon Thames","Tudor",2022,10298,158.3,1.583,65.05369551,6505.369551
"391","E05000416","Lambeth","Bishop's",2022,11601,153.4,1.534,75.62581486,7562.581486
"392","E05000417","Lambeth","Brixton Hill",2022,17180,112.9,1.129,152.170062,15217.0062
"393","E05000418","Lambeth","Clapham Common",2022,14666,134.3,1.343,109.2032762,10920.32762
"394","E05000419","Lambeth","Clapham Town",2022,15431,112,1.12,137.7767857,13777.67857
"395","E05000420","Lambeth","Coldharbour",2022,18610,120.8,1.208,154.0562914,15405.62914
"396","E05000421","Lambeth","Ferndale",2022,17587,85.3,0.853,206.1781946,20617.81946
"397","E05000422","Lambeth","Gipsy Hill",2022,14991,157,1.57,95.48407643,9548.407643
"398","E05000423","Lambeth","Herne Hill",2022,16823,203.2,2.032,82.79035433,8279.035433
"399","E05000424","Lambeth","Knight's Hill",2022,15645,147.3,1.473,106.2118126,10621.18126
"400","E05000425","Lambeth","Larkhall",2022,19905,105.9,1.059,187.9603399,18796.03399
"401","E05000426","Lambeth","Oval",2022,19718,127.5,1.275,154.6509804,15465.09804
"402","E05000427","Lambeth","Prince's",2022,17316,116.2,1.162,149.0189329,14901.89329
"403","E05000428","Lambeth","St Leonard's",2022,16526,144.9,1.449,114.0510697,11405.10697
"404","E05000429","Lambeth","Stockwell",2022,15991,86.9,0.869,184.0161105,18401.61105
"405","E05000430","Lambeth","Streatham Hill",2022,16276,127.3,1.273,127.8554595,12785.54595
"406","E05000431","Lambeth","Streatham South",2022,14994,169.8,1.698,88.30388693,8830.388693
"407","E05000432","Lambeth","Streatham Wells",2022,17275,145.1,1.451,119.0558236,11905.58236
"408","E05000433","Lambeth","Thornton",2022,15397,108.3,1.083,142.1698984,14216.98984
"409","E05000434","Lambeth","Thurlow Park",2022,14636,151.5,1.515,96.60726073,9660.726073
"410","E05000435","Lambeth","Tulse Hill",2022,16326,102.9,1.029,158.6588921,15865.88921
"411","E05000436","Lambeth","Vassall",2022,17087,112.9,1.129,151.3463242,15134.63242
"412","E05000437","Lewisham","Bellingham",2022,16287,308.5,3.085,52.79416532,5279.416532
"413","E05000438","Lewisham","Blackheath",2022,15815,231.3,2.313,68.37440553,6837.440553
"414","E05000439","Lewisham","Brockley",2022,19249,168.6,1.686,114.1696323,11416.96323
"415","E05000440","Lewisham","Catford South",2022,15806,186.8,1.868,84.61456103,8461.456103
"416","E05000441","Lewisham","Crofton Park",2022,15974,172.1,1.721,92.81812899,9281.812899
"417","E05000442","Lewisham","Downham",2022,15644,238.9,2.389,65.48346589,6548.346589
"418","E05000443","Lewisham","Evelyn",2022,26093,177.4,1.774,147.0856821,14708.56821
"419","E05000444","Lewisham","Forest Hill",2022,17171,182.8,1.828,93.93326039,9393.326039
"420","E05000445","Lewisham","Grove Park",2022,15630,239.2,2.392,65.34280936,6534.280936
"421","E05000446","Lewisham","Ladywell",2022,15436,160.9,1.609,95.93536358,9593.536358
"422","E05000447","Lewisham","Lee Green",2022,16521,180.9,1.809,91.32669983,9132.669983
"423","E05000448","Lewisham","Lewisham Central",2022,26443,205.6,2.056,128.6138132,12861.38132
"424","E05000449","Lewisham","New Cross",2022,21390,181.7,1.817,117.721519,11772.1519
"425","E05000450","Lewisham","Perry Vale",2022,16767,168.4,1.684,99.56650831,9956.650831
"426","E05000451","Lewisham","Rushey Green",2022,18225,178.1,1.781,102.3301516,10233.01516
"427","E05000452","Lewisham","Sydenham",2022,16912,174.5,1.745,96.91690544,9691.690544
"428","E05000453","Lewisham","Telegraph Hill",2022,18391,154.4,1.544,119.1126943,11911.26943
"429","E05000454","Lewisham","Whitefoot",2022,15666,222.4,2.224,70.44064748,7044.064748
"430","E05000455","Merton","Abbey",2022,11056,139.3,1.393,79.36826992,7936.826992
"431","E05000456","Merton","Cannon Hill",2022,9859,222.4,2.224,44.33003597,4433.003597
"432","E05000457","Merton","Colliers Wood",2022,11656,111.1,1.111,104.9144914,10491.44914
"433","E05000458","Merton","Cricket Green",2022,12617,299.7,2.997,42.09876543,4209.876543
"434","E05000459","Merton","Dundonald",2022,10101,115.1,1.151,87.75847089,8775.847089
"435","E05000460","Merton","Figge's Marsh",2022,12501,114.3,1.143,109.3700787,10937.00787
"436","E05000461","Merton","Graveney",2022,10262,88.4,0.884,116.0859729,11608.59729
"437","E05000462","Merton","Hillside",2022,9433,118.4,1.184,79.67060811,7967.060811
"438","E05000463","Merton","Lavender Fields",2022,12017,118,1.18,101.8389831,10183.89831
"439","E05000464","Merton","Longthornton",2022,10829,148.1,1.481,73.11951384,7311.951384
"440","E05000465","Merton","Lower Morden",2022,8904,180.8,1.808,49.24778761,4924.778761
"441","E05000466","Merton","Merton Park",2022,10699,181.7,1.817,58.8827738,5888.27738
"442","E05000467","Merton","Pollards Hill",2022,10706,215.9,2.159,49.58777212,4958.777212
"443","E05000468","Merton","Ravensbury",2022,11033,183.8,1.838,60.02720348,6002.720348
"444","E05000469","Merton","Raynes Park",2022,10334,185.3,1.853,55.76902321,5576.902321
"445","E05000470","Merton","St Helier",2022,11582,184.2,1.842,62.87730727,6287.730727
"446","E05000471","Merton","Trinity",2022,10348,107.4,1.074,96.35009311,9635.009311
"447","E05000472","Merton","Village",2022,8538,621.8,6.218,13.73110325,1373.110325
"448","E05000473","Merton","West Barnes",2022,11084,195.1,1.951,56.81189134,5681.189134
"449","E05000474","Merton","Wimbledon Park",2022,13102,230,2.3,56.96521739,5696.521739
"450","E05000475","Newham","Beckton",2022,18047,625.6,6.256,28.84750639,2884.750639
"451","E05000476","Newham","Boleyn",2022,18963,91.6,0.916,207.0196507,20701.96507
"452","E05000477","Newham","Canning Town North",2022,20128,252.3,2.523,79.77804201,7977.804201
"453","E05000478","Newham","Canning Town South",2022,23477,181.7,1.817,129.2074849,12920.74849
"454","E05000479","Newham","Custom House",2022,14143,206.3,2.063,68.5555017,6855.55017
"455","E05000480","Newham","East Ham Central",2022,17039,103.9,1.039,163.9942252,16399.42252
"456","E05000481","Newham","East Ham North",2022,14074,90.4,0.904,155.6858407,15568.58407
"457","E05000482","Newham","East Ham South",2022,16062,181.2,1.812,88.64238411,8864.238411
"458","E05000483","Newham","Forest Gate North",2022,16388,124.6,1.246,131.5248796,13152.48796
"459","E05000484","Newham","Forest Gate South",2022,18488,119.2,1.192,155.1006711,15510.06711
"460","E05000485","Newham","Green Street East",2022,17217,74.3,0.743,231.7227456,23172.27456
"461","E05000486","Newham","Green Street West",2022,16236,80.5,0.805,201.689441,20168.9441
"462","E05000487","Newham","Little Ilford",2022,17406,189.9,1.899,91.65876777,9165.876777
"463","E05000488","Newham","Manor Park",2022,15527,135,1.35,115.0148148,11501.48148
"464","E05000489","Newham","Plaistow North",2022,16438,98.1,0.981,167.5637105,16756.37105
"465","E05000490","Newham","Plaistow South",2022,17636,138.6,1.386,127.2438672,12724.38672
"466","E05000491","Newham","Royal Docks",2022,20983,479.3,4.793,43.77842687,4377.842687
"467","E05000492","Newham","Stratford and New Town",2022,39891,423.7,4.237,94.14916214,9414.916214
"468","E05000493","Newham","Wall End",2022,15747,137.9,1.379,114.1914431,11419.14431
"469","E05000494","Newham","West Ham",2022,16116,133.5,1.335,120.7191011,12071.91011
"470","E05000495","Redbridge","Aldborough",2022,17044,861.2,8.612,19.79098932,1979.098932
"471","E05000496","Redbridge","Barkingside",2022,13987,152.7,1.527,91.59790439,9159.790439
"472","E05000497","Redbridge","Bridge",2022,12472,257.9,2.579,48.35982939,4835.982939
"473","E05000498","Redbridge","Chadwell",2022,16520,151.4,1.514,109.1149273,10911.49273
"474","E05000499","Redbridge","Church End",2022,13217,149.2,1.492,88.58579088,8858.579088
"475","E05000500","Redbridge","Clayhall",2022,13568,249.1,2.491,54.46808511,5446.808511
"476","E05000501","Redbridge","Clementswood",2022,20959,127.1,1.271,164.9016522,16490.16522
"477","E05000502","Redbridge","Cranbrook",2022,13925,240.6,2.406,57.87614298,5787.614298
"478","E05000503","Redbridge","Fairlop",2022,13897,359.4,3.594,38.66722315,3866.722315
"479","E05000504","Redbridge","Fullwell",2022,13702,218.5,2.185,62.70938215,6270.938215
"480","E05000505","Redbridge","Goodmayes",2022,14580,164.8,1.648,88.47087379,8847.087379
"481","E05000506","Redbridge","Hainault",2022,13770,564.2,5.642,24.40623892,2440.623892
"482","E05000507","Redbridge","Loxford",2022,22246,128.7,1.287,172.8515929,17285.15929
"483","E05000508","Redbridge","Mayfield",2022,14575,188.4,1.884,77.36199575,7736.199575
"484","E05000509","Redbridge","Monkhams",2022,11492,307.5,3.075,37.37235772,3737.235772
"485","E05000510","Redbridge","Newbury",2022,18905,211.7,2.117,89.3008975,8930.08975
"486","E05000511","Redbridge","Roding",2022,13122,234.4,2.344,55.98122867,5598.122867
"487","E05000512","Redbridge","Seven Kings",2022,18986,208.2,2.082,91.19116234,9119.116234
"488","E05000513","Redbridge","Snaresbrook",2022,13184,198.6,1.986,66.38469285,6638.469285
"489","E05000514","Redbridge","Valentines",2022,17240,150.2,1.502,114.7802929,11478.02929
"490","E05000515","Redbridge","Wanstead",2022,12624,519.8,5.198,24.28626395,2428.626395
"491","E05000516","Richmond upon Thames","Barnes",2022,10371,301,3.01,34.4551495,3445.51495
"492","E05000517","Richmond upon Thames","East Sheen",2022,11515,583.5,5.835,19.73436161,1973.436161
"493","E05000518","Richmond upon Thames","Fulwell and Hampton Hill",2022,11220,191.8,1.918,58.49843587,5849.843587
"494","E05000519","Richmond upon Thames","Ham Petersham and Richmond River",2022,11205,944.6,9.446,11.86216388,1186.216388
"495","E05000520","Richmond upon Thames","Hampton",2022,10889,687.7,6.877,15.83393922,1583.393922
"496","E05000521","Richmond upon Thames","Hampton North",2022,9712,195,1.95,49.80512821,4980.512821
"497","E05000522","Richmond upon Thames","Hampton Wick",2022,11565,274.6,2.746,42.11580481,4211.580481
"498","E05000523","Richmond upon Thames","Heathfield",2022,11205,191.2,1.912,58.60355649,5860.355649
"499","E05000524","Richmond upon Thames","Kew",2022,12285,357.5,3.575,34.36363636,3436.363636
"500","E05000525","Richmond upon Thames","Mortlake and Barnes Common",2022,12126,193.8,1.938,62.56965944,6256.965944
"501","E05000526","Richmond upon Thames","North Richmond",2022,12319,280,2.8,43.99642857,4399.642857
"502","E05000527","Richmond upon Thames","St Margarets and North Twickenha",2022,13353,200.6,2.006,66.56530409,6656.530409
"503","E05000528","Richmond upon Thames","South Richmond",2022,11547,269.2,2.692,42.89375929,4289.375929
"504","E05000529","Richmond upon Thames","South Twickenham",2022,10773,172.7,1.727,62.37984945,6237.984945
"505","E05000530","Richmond upon Thames","Teddington",2022,11438,429.6,4.296,26.62476723,2662.476723
"506","E05000531","Richmond upon Thames","Twickenham Riverside",2022,11324,196.2,1.962,57.7166157,5771.66157
"507","E05000532","Richmond upon Thames","West Twickenham",2022,11378,245.6,2.456,46.32736156,4632.736156
"508","E05000533","Richmond upon Thames","Whitton",2022,10826,162.3,1.623,66.70363524,6670.363524
"509","E05000534","Southwark","Brunswick Park",2022,13803,93.5,0.935,147.6256684,14762.56684
"510","E05000535","Southwark","Camberwell Green",2022,16900,97.5,0.975,173.3333333,17333.33333
"511","E05000536","Southwark","Cathedrals",2022,21668,176.3,1.763,122.9041407,12290.41407
"512","E05000537","Southwark","Chaucer",2022,16160,82.3,0.823,196.3547995,19635.47995
"513","E05000538","Southwark","College",2022,12736,323.4,3.234,39.38157081,3938.157081
"514","E05000539","Southwark","East Dulwich",2022,13719,101.9,1.019,134.6319921,13463.19921
"515","E05000540","Southwark","East Walworth",2022,16030,114.4,1.144,140.1223776,14012.23776
"516","E05000541","Southwark","Faraday",2022,14516,87.7,0.877,165.5188141,16551.88141
"517","E05000542","Southwark","Grange",2022,19215,120.5,1.205,159.4605809,15946.05809
"518","E05000543","Southwark","Livesey",2022,18067,143.6,1.436,125.8147632,12581.47632
"519","E05000544","Southwark","Newington",2022,15616,83.2,0.832,187.6923077,18769.23077
"520","E05000545","Southwark","Nunhead",2022,14866,132.2,1.322,112.4508321,11245.08321
"521","E05000546","Southwark","Peckham",2022,16038,87.2,0.872,183.9220183,18392.20183
"522","E05000547","Southwark","Peckham Rye",2022,14643,225.3,2.253,64.99334221,6499.334221
"523","E05000548","Southwark","Riverside",2022,17500,133.2,1.332,131.3813814,13138.13814
"524","E05000549","Southwark","Rotherhithe",2022,17422,149.2,1.492,116.769437,11676.9437
"525","E05000550","Southwark","South Bermondsey",2022,15196,97.3,0.973,156.1767729,15617.67729
"526","E05000551","Southwark","South Camberwell",2022,13276,133.1,1.331,99.74455297,9974.455297
"527","E05000552","Southwark","Surrey Docks",2022,17285,190.1,1.901,90.92582851,9092.582851
"528","E05000553","Southwark","The Lane",2022,17139,139,1.39,123.3021583,12330.21583
"529","E05000554","Southwark","Village",2022,13029,278.8,2.788,46.73242468,4673.242468
"530","E05000555","Sutton","Beddington North",2022,10848,498,4.98,21.78313253,2178.313253
"531","E05000556","Sutton","Beddington South",2022,11360,306.1,3.061,37.11205488,3711.205488
"532","E05000557","Sutton","Belmont",2022,10935,233.7,2.337,46.79075738,4679.075738
"533","E05000558","Sutton","Carshalton Central",2022,11473,202.7,2.027,56.60088801,5660.088801
"534","E05000559","Sutton","Carshalton South and Clockhouse",2022,10973,705.6,7.056,15.55130385,1555.130385
"535","E05000560","Sutton","Cheam",2022,11449,393.8,3.938,29.07313357,2907.313357
"536","E05000561","Sutton","Nonsuch",2022,11597,190.6,1.906,60.84470094,6084.470094
"537","E05000562","Sutton","St Helier",2022,12512,150,1.5,83.41333333,8341.333333
"538","E05000563","Sutton","Stonecot",2022,11331,198.1,1.981,57.19838465,5719.838465
"539","E05000564","Sutton","Sutton Central",2022,14326,131,1.31,109.3587786,10935.87786
"540","E05000565","Sutton","Sutton North",2022,12305,187.5,1.875,65.62666667,6562.666667
"541","E05000566","Sutton","Sutton South",2022,10691,127.2,1.272,84.04874214,8404.874214
"542","E05000567","Sutton","Sutton West",2022,11761,177.9,1.779,66.11017426,6611.017426
"543","E05000568","Sutton","The Wrythe",2022,11763,148.2,1.482,79.37246964,7937.246964
"544","E05000569","Sutton","Wallington North",2022,12247,161.7,1.617,75.73902288,7573.902288
"545","E05000570","Sutton","Wallington South",2022,11416,171.9,1.719,66.4107039,6641.07039
"546","E05000571","Sutton","Wandle Valley",2022,14792,205.5,2.055,71.98053528,7198.053528
"547","E05000572","Sutton","Worcester Park",2022,13448,195.7,1.957,68.71742463,6871.742463
"548","E05000573","Tower Hamlets","Bethnal Green North",2022,15299,82.3,0.823,185.8930741,18589.30741
"549","E05000574","Tower Hamlets","Bethnal Green South",2022,15082,88.1,0.881,171.1918275,17119.18275
"550","E05000575","Tower Hamlets","Blackwall and Cubitt Town",2022,38110,296.7,2.967,128.446242,12844.6242
"551","E05000576","Tower Hamlets","Bow East",2022,20700,185.8,1.858,111.4101184,11141.01184
"552","E05000577","Tower Hamlets","Bow West",2022,13746,134.7,1.347,102.0489978,10204.89978
"553","E05000578","Tower Hamlets","Bromley-by-Bow",2022,21852,107.4,1.074,203.4636872,20346.36872
"554","E05000579","Tower Hamlets","East India and Lansbury",2022,22473,122.4,1.224,183.6029412,18360.29412
"555","E05000580","Tower Hamlets","Limehouse",2022,19115,114.2,1.142,167.3817863,16738.17863
"556","E05000581","Tower Hamlets","Mile End and Globe Town",2022,15571,90,0.9,173.0111111,17301.11111
"557","E05000582","Tower Hamlets","Mile End East",2022,17854,107,1.07,166.8598131,16685.98131
"558","E05000583","Tower Hamlets","Millwall",2022,37193,245.8,2.458,151.3140765,15131.40765
"559","E05000584","Tower Hamlets","St Dunstan's and Stepney Green",2022,18693,101.8,1.018,183.6247544,18362.47544
"560","E05000585","Tower Hamlets","St Katharine's and Wapping",2022,16015,150.6,1.506,106.3413015,10634.13015
"561","E05000586","Tower Hamlets","Shadwell",2022,15653,96.3,0.963,162.5441329,16254.41329
"562","E05000587","Tower Hamlets","Spitalfields and Banglatown",2022,11501,63.8,0.638,180.2664577,18026.64577
"563","E05000588","Tower Hamlets","Weavers",2022,15015,77.9,0.779,192.7471117,19274.71117
"564","E05000589","Tower Hamlets","Whitechapel",2022,20962,91.8,0.918,228.3442266,22834.42266
"565","E05000590","Waltham Forest","Cann Hall",2022,14346,86,0.86,166.8139535,16681.39535
"566","E05000591","Waltham Forest","Cathall",2022,13933,105.7,1.057,131.8164617,13181.64617
"567","E05000592","Waltham Forest","Chapel End",2022,15883,184.2,1.842,86.22692725,8622.692725
"568","E05000593","Waltham Forest","Chingford Green",2022,11052,372.8,3.728,29.64592275,2964.592275
"569","E05000594","Waltham Forest","Endlebury",2022,11863,195.9,1.959,60.55640633,6055.640633
"570","E05000595","Waltham Forest","Forest",2022,13254,198.5,1.985,66.77078086,6677.078086
"571","E05000596","Waltham Forest","Grove Green",2022,16271,89.8,0.898,181.1915367,18119.15367
"572","E05000597","Waltham Forest","Hale End and Highams Park",2022,13192,235,2.35,56.13617021,5613.617021
"573","E05000598","Waltham Forest","Hatch Lane",2022,11563,241.8,2.418,47.82051282,4782.051282
"574","E05000599","Waltham Forest","High Street",2022,16819,306.1,3.061,54.94609605,5494.609605
"575","E05000600","Waltham Forest","Higham Hill",2022,17106,322.2,3.222,53.09124767,5309.124767
"576","E05000601","Waltham Forest","Hoe Street",2022,15372,109.7,1.097,140.1276208,14012.76208
"577","E05000602","Waltham Forest","Larkswood",2022,12625,206.9,2.069,61.01981634,6101.981634
"578","E05000603","Waltham Forest","Lea Bridge",2022,18335,264.5,2.645,69.3194707,6931.94707
"579","E05000604","Waltham Forest","Leyton",2022,18198,203.6,2.036,89.38113949,8938.113949
"580","E05000605","Waltham Forest","Leytonstone",2022,13512,131,1.31,103.1450382,10314.50382
"581","E05000606","Waltham Forest","Markhouse",2022,16933,145.4,1.454,116.4580468,11645.80468
"582","E05000607","Waltham Forest","Valley",2022,12255,198.1,1.981,61.86269561,6186.269561
"583","E05000608","Waltham Forest","William Morris",2022,17445,99.9,0.999,174.6246246,17462.46246
"584","E05000609","Waltham Forest","Wood Street",2022,15355,184.5,1.845,83.22493225,8322.493225
"585","E05000610","Wandsworth","Balham",2022,15533,120.8,1.208,128.5844371,12858.44371
"586","E05000611","Wandsworth","Bedford",2022,14409,180.4,1.804,79.87250554,7987.250554
"587","E05000612","Wandsworth","Earlsfield",2022,17360,141.1,1.411,123.0333097,12303.33097
"588","E05000613","Wandsworth","East Putney",2022,16599,160.9,1.609,103.1634556,10316.34556
"589","E05000614","Wandsworth","Fairfield",2022,17545,145.5,1.455,120.5841924,12058.41924
"590","E05000615","Wandsworth","Furzedown",2022,15724,141.3,1.413,111.2809625,11128.09625
"591","E05000616","Wandsworth","Graveney",2022,16571,100.8,1.008,164.3948413,16439.48413
"592","E05000617","Wandsworth","Latchmere",2022,16100,108.5,1.085,148.3870968,14838.70968
"593","E05000618","Wandsworth","Nightingale",2022,15131,123.1,1.231,122.9163282,12291.63282
"594","E05000619","Wandsworth","Northcote",2022,16313,167.9,1.679,97.15902323,9715.902323
"595","E05000620","Wandsworth","Queenstown",2022,28298,320.8,3.208,88.21072319,8821.072319
"596","E05000621","Wandsworth","Roehampton and Putney Heath",2022,16395,442.4,4.424,37.05922242,3705.922242
"597","E05000622","Wandsworth","St Mary's Park",2022,20365,139.6,1.396,145.8810888,14588.10888
"598","E05000623","Wandsworth","Shaftesbury",2022,14589,94.8,0.948,153.8924051,15389.24051
"599","E05000624","Wandsworth","Southfields",2022,18199,152.2,1.522,119.5729304,11957.29304
"600","E05000625","Wandsworth","Thamesfield",2022,18207,192.1,1.921,94.77876106,9477.876106
"601","E05000626","Wandsworth","Tooting",2022,17411,160.4,1.604,108.5473815,10854.73815
"602","E05000627","Wandsworth","Wandsworth Common",2022,15870,276,2.76,57.5,5750
"603","E05000628","Wandsworth","West Hill",2022,16969,168.8,1.688,100.5272512,10052.72512
"604","E05000629","Wandsworth","West Putney",2022,15561,184.6,1.846,84.29577465,8429.577465
"605","E05000630","Westminster","Abbey Road",2022,13431,109.5,1.095,122.6575342,12265.75342
"606","E05000631","Westminster","Bayswater",2022,11757,51.8,0.518,226.969112,22696.9112
"607","E05000632","Westminster","Bryanston and Dorset Square",2022,14219,72.3,0.723,196.6666667,19666.66667
"608","E05000633","Westminster","Churchill",2022,12755,60.9,0.609,209.4417077,20944.17077
"609","E05000634","Westminster","Church Street",2022,14182,44.4,0.444,319.4144144,31941.44144
"610","E05000635","Westminster","Harrow Road",2022,13855,49.5,0.495,279.8989899,27989.89899
"611","E05000636","Westminster","Hyde Park",2022,16529,95.9,0.959,172.3566215,17235.66215
"612","E05000637","Westminster","Knightsbridge and Belgravia",2022,10308,359.3,3.593,28.68911773,2868.911773
"613","E05000638","Westminster","Lancaster Gate",2022,15379,63,0.63,244.1111111,24411.11111
"614","E05000639","Westminster","Little Venice",2022,13173,63.6,0.636,207.1226415,20712.26415
"615","E05000640","Westminster","Maida Vale",2022,11992,64.6,0.646,185.6346749,18563.46749
"616","E05000641","Westminster","Marylebone High Street",2022,12670,100.1,1.001,126.5734266,12657.34266
"617","E05000642","Westminster","Queen's Park",2022,13938,58.3,0.583,239.0737564,23907.37564
"618","E05000643","Westminster","Regent's Park",2022,13738,225.6,2.256,60.89539007,6089.539007
"619","E05000644","Westminster","St James's",2022,15903,346.8,3.468,45.85640138,4585.640138
"620","E05000645","Westminster","Tachbrook",2022,9359,44.4,0.444,210.7882883,21078.82883
"621","E05000646","Westminster","Vincent Square",2022,12785,68.6,0.686,186.3702624,18637.02624
"622","E05000647","Westminster","Warwick",2022,10737,57.4,0.574,187.0557491,18705.57491
"623","E05000648","Westminster","Westbourne",2022,14417,67.4,0.674,213.9020772,21390.20772
"624","E05000649","Westminster","West End",2022,13749,199.6,1.996,68.88276553,6888.276553
